{
  "Class_0": {
    "precision": 0.8125,
    "recall": 0.52,
    "f1-score": 0.6341463414634146,
    "support": 25.0
  },
  "Class_1": {
    "precision": 0.5384615384615384,
    "recall": 0.8235294117647058,
    "f1-score": 0.6511627906976745,
    "support": 17.0
  },
  "accuracy": 0.6428571428571429,
  "macro avg": {
    "precision": 0.6754807692307692,
    "recall": 0.6717647058823529,
    "f1-score": 0.6426545660805445,
    "support": 42.0
  },
  "weighted avg": {
    "precision": 0.7015796703296703,
    "recall": 0.6428571428571429,
    "f1-score": 0.6410339518677579,
    "support": 42.0
  }
}