{
  "Class_0": {
    "precision": 0.7333333333333333,
    "recall": 0.6875,
    "f1-score": 0.7096774193548387,
    "support": 32.0
  },
  "Class_1": {
    "precision": 0.3333333333333333,
    "recall": 0.38461538461538464,
    "f1-score": 0.35714285714285715,
    "support": 13.0
  },
  "accuracy": 0.6,
  "macro avg": {
    "precision": 0.5333333333333333,
    "recall": 0.5360576923076923,
    "f1-score": 0.533410138248848,
    "support": 45.0
  },
  "weighted avg": {
    "precision": 0.6177777777777778,
    "recall": 0.6,
    "f1-score": 0.6078341013824885,
    "support": 45.0
  }
}