{
  "Class_0": {
    "precision": 0.76,
    "recall": 0.6785714285714286,
    "f1-score": 0.7169811320754716,
    "support": 28.0
  },
  "Class_1": {
    "precision": 0.47058823529411764,
    "recall": 0.5714285714285714,
    "f1-score": 0.5161290322580645,
    "support": 14.0
  },
  "accuracy": 0.6428571428571429,
  "macro avg": {
    "precision": 0.6152941176470588,
    "recall": 0.625,
    "f1-score": 0.616555082166768,
    "support": 42.0
  },
  "weighted avg": {
    "precision": 0.6635294117647058,
    "recall": 0.6428571428571429,
    "f1-score": 0.6500304321363359,
    "support": 42.0
  }
}