{
  "Class_0": {
    "precision": 0.9375,
    "recall": 0.8333333333333334,
    "f1-score": 0.8823529411764706,
    "support": 36.0
  },
  "Class_1": {
    "precision": 0.5384615384615384,
    "recall": 0.7777777777777778,
    "f1-score": 0.6363636363636364,
    "support": 9.0
  },
  "accuracy": 0.8222222222222222,
  "macro avg": {
    "precision": 0.7379807692307692,
    "recall": 0.8055555555555556,
    "f1-score": 0.7593582887700534,
    "support": 45.0
  },
  "weighted avg": {
    "precision": 0.8576923076923078,
    "recall": 0.8222222222222222,
    "f1-score": 0.8331550802139037,
    "support": 45.0
  }
}