{
  "Class_0": {
    "precision": 0.9629629629629629,
    "recall": 0.8125,
    "f1-score": 0.8813559322033898,
    "support": 32.0
  },
  "Class_1": {
    "precision": 0.6666666666666666,
    "recall": 0.9230769230769231,
    "f1-score": 0.7741935483870968,
    "support": 13.0
  },
  "accuracy": 0.8444444444444444,
  "macro avg": {
    "precision": 0.8148148148148148,
    "recall": 0.8677884615384616,
    "f1-score": 0.8277747402952433,
    "support": 45.0
  },
  "weighted avg": {
    "precision": 0.8773662551440329,
    "recall": 0.8444444444444444,
    "f1-score": 0.8503979102120163,
    "support": 45.0
  }
}